txn_id,account_id,amount,currency,status,txn_ts
TXN-1,ACCT-1,950.00,USD,CAPTURED,2026-03-01T12:00:00Z
TXN-2,ACCT-2,950.00,USD,CAPTURED,2026-03-01T12:00:00Z
TXN-3,ACCT-3,950.00,USD,CAPTURED,2026-03-01T12:00:00Z
TXN-4,ACCT-4,950.00,USD,CAPTURED,2026-03-01T12:00:00Z
TXN-5,ACCT-5,950.00,USD,CAPTURED,2026-03-01T12:00:00Z
TXN-6,ACCT-6,950.00,USD,CAPTURED,2026-03-01T12:00:00Z
TXN-7,ACCT-7,950.00,USD,CAPTURED,2026-03-01T12:00:00Z
TXN-8,ACCT-8,950.00,USD,CAPTURED,2026-03-01T12:00:00Z
TXN-9,ACCT-9,950.00,USD,CAPTURED,2026-03-01T12:00:00Z
TXN-10,ACCT-10,950.00,USD,CAPTURED,2026-03-01T12:00:00Z
TXN-11,ACCT-11,950.00,USD,CAPTURED,2026-03-01T12:00:00Z
TXN-12,ACCT-12,950.00,USD,CAPTURED,2026-03-01T12:00:00Z
TXN-13,ACCT-13,950.00,USD,CAPTURED,2026-03-01T12:00:00Z
TXN-14,ACCT-14,950.00,USD,CAPTURED,2026-03-01T12:00:00Z
TXN-15,ACCT-15,950.00,USD,CAPTURED,2026-03-01T12:00:00Z
TXN-16,ACCT-16,950.00,USD,CAPTURED,2026-03-01T12:00:00Z
TXN-17,ACCT-17,950.00,USD,CAPTURED,2026-03-01T12:00:00Z
TXN-18,ACCT-18,950.00,USD,CAPTURED,2026-03-01T12:00:00Z
TXN-19,ACCT-19,950.00,USD,CAPTURED,2026-03-01T12:00:00Z
TXN-20,ACCT-20,950.00,USD,CAPTURED,2026-03-01T12:00:00Z
TXN-21,ACCT-21,950.00,USD,CAPTURED,2026-03-01T12:00:00Z
TXN-22,ACCT-22,950.00,USD,CAPTURED,2026-03-01T12:00:00Z
TXN-23,ACCT-23,950.00,USD,CAPTURED,2026-03-01T12:00:00Z
TXN-24,ACCT-24,950.00,USD,CAPTURED,2026-03-01T12:00:00Z
TXN-25,ACCT-25,950.00,USD,CAPTURED,2026-03-01T12:00:00Z
TXN-26,ACCT-26,950.00,USD,CAPTURED,2026-03-01T12:00:00Z
TXN-27,ACCT-27,950.00,USD,CAPTURED,2026-03-01T12:00:00Z
TXN-28,ACCT-28,950.00,USD,CAPTURED,2026-03-01T12:00:00Z
TXN-29,ACCT-29,950.00,USD,CAPTURED,2026-03-01T12:00:00Z
TXN-30,ACCT-30,950.00,USD,CAPTURED,2026-03-01T12:00:00Z
TXN-31,ACCT-31,950.00,USD,CAPTURED,2026-03-01T12:00:00Z
TXN-32,ACCT-32,950.00,USD,CAPTURED,2026-03-01T12:00:00Z
TXN-33,ACCT-33,950.00,USD,CAPTURED,2026-03-01T12:00:00Z
TXN-34,ACCT-34,950.00,USD,CAPTURED,2026-03-01T12:00:00Z
TXN-35,ACCT-35,950.00,USD,CAPTURED,2026-03-01T12:00:00Z
TXN-36,ACCT-36,950.00,USD,CAPTURED,2026-03-01T12:00:00Z
TXN-37,ACCT-37,950.00,USD,CAPTURED,2026-03-01T12:00:00Z
TXN-38,ACCT-38,950.00,USD,CAPTURED,2026-03-01T12:00:00Z
TXN-39,ACCT-39,950.00,USD,CAPTURED,2026-03-01T12:00:00Z
TXN-40,ACCT-40,950.00,USD,CAPTURED,2026-03-01T12:00:00Z
TXN-41,ACCT-41,950.00,USD,CAPTURED,2026-03-01T12:00:00Z
TXN-42,ACCT-42,950.00,USD,CAPTURED,2026-03-01T12:00:00Z
TXN-43,ACCT-43,950.00,USD,CAPTURED,2026-03-01T12:00:00Z
TXN-44,ACCT-44,950.00,USD,CAPTURED,2026-03-01T12:00:00Z
TXN-45,ACCT-45,950.00,USD,CAPTURED,2026-03-01T12:00:00Z
TXN-46,ACCT-46,950.00,USD,CAPTURED,2026-03-01T12:00:00Z
TXN-47,ACCT-47,950.00,USD,CAPTURED,2026-03-01T12:00:00Z
TXN-48,ACCT-48,950.00,USD,CAPTURED,2026-03-01T12:00:00Z
TXN-49,ACCT-49,950.00,USD,CAPTURED,2026-03-01T12:00:00Z
TXN-50,ACCT-50,950.00,USD,CAPTURED,2026-03-01T12:00:00Z
TXN-51,ACCT-51,950.00,USD,CAPTURED,2026-03-01T12:00:00Z
TXN-52,ACCT-52,950.00,USD,CAPTURED,2026-03-01T12:00:00Z
TXN-53,ACCT-53,950.00,USD,CAPTURED,2026-03-01T12:00:00Z
TXN-54,ACCT-54,950.00,USD,CAPTURED,2026-03-01T12:00:00Z
TXN-55,ACCT-55,950.00,USD,CAPTURED,2026-03-01T12:00:00Z
TXN-56,ACCT-56,950.00,USD,CAPTURED,2026-03-01T12:00:00Z
TXN-57,ACCT-57,950.00,USD,CAPTURED,2026-03-01T12:00:00Z
TXN-58,ACCT-58,950.00,USD,CAPTURED,2026-03-01T12:00:00Z
TXN-59,ACCT-59,950.00,USD,CAPTURED,2026-03-01T12:00:00Z
TXN-60,ACCT-60,950.00,USD,CAPTURED,2026-03-01T12:00:00Z
TXN-61,ACCT-61,950.00,USD,CAPTURED,2026-03-01T12:00:00Z
TXN-62,ACCT-62,950.00,USD,CAPTURED,2026-03-01T12:00:00Z
TXN-63,ACCT-63,950.00,USD,CAPTURED,2026-03-01T12:00:00Z
TXN-64,ACCT-64,950.00,USD,CAPTURED,2026-03-01T12:00:00Z
TXN-65,ACCT-65,950.00,USD,CAPTURED,2026-03-01T12:00:00Z
TXN-66,ACCT-66,950.00,USD,CAPTURED,2026-03-01T12:00:00Z
TXN-67,ACCT-67,950.00,USD,CAPTURED,2026-03-01T12:00:00Z
TXN-68,ACCT-68,950.00,USD,CAPTURED,2026-03-01T12:00:00Z
TXN-69,ACCT-69,950.00,USD,CAPTURED,2026-03-01T12:00:00Z
TXN-70,ACCT-70,950.00,USD,CAPTURED,2026-03-01T12:00:00Z
TXN-71,ACCT-71,950.00,USD,CAPTURED,2026-03-01T12:00:00Z
TXN-72,ACCT-72,950.00,USD,CAPTURED,2026-03-01T12:00:00Z
TXN-73,ACCT-73,950.00,USD,CAPTURED,2026-03-01T12:00:00Z
TXN-74,ACCT-74,950.00,USD,CAPTURED,2026-03-01T12:00:00Z
TXN-75,ACCT-75,950.00,USD,CAPTURED,2026-03-01T12:00:00Z
TXN-76,ACCT-76,950.00,USD,CAPTURED,2026-03-01T12:00:00Z
TXN-77,ACCT-77,950.00,USD,CAPTURED,2026-03-01T12:00:00Z
TXN-78,ACCT-78,950.00,USD,CAPTURED,2026-03-01T12:00:00Z
TXN-79,ACCT-79,950.00,USD,CAPTURED,2026-03-01T12:00:00Z
TXN-80,ACCT-80,950.00,USD,CAPTURED,2026-03-01T12:00:00Z
TXN-81,ACCT-81,950.00,USD,CAPTURED,2026-03-01T12:00:00Z
TXN-82,ACCT-82,950.00,USD,CAPTURED,2026-03-01T12:00:00Z
TXN-83,ACCT-83,950.00,USD,CAPTURED,2026-03-01T12:00:00Z
TXN-84,ACCT-84,950.00,USD,CAPTURED,2026-03-01T12:00:00Z
TXN-85,ACCT-85,950.00,USD,CAPTURED,2026-03-01T12:00:00Z
TXN-86,ACCT-86,950.00,USD,CAPTURED,2026-03-01T12:00:00Z
TXN-87,ACCT-87,950.00,USD,CAPTURED,2026-03-01T12:00:00Z
TXN-88,ACCT-88,950.00,USD,CAPTURED,2026-03-01T12:00:00Z
TXN-89,ACCT-89,950.00,USD,CAPTURED,2026-03-01T12:00:00Z
TXN-90,ACCT-90,950.00,USD,CAPTURED,2026-03-01T12:00:00Z
TXN-91,ACCT-91,950.00,USD,CAPTURED,2026-03-01T12:00:00Z
TXN-92,ACCT-92,950.00,USD,CAPTURED,2026-03-01T12:00:00Z
TXN-93,ACCT-93,950.00,USD,CAPTURED,2026-03-01T12:00:00Z
TXN-94,ACCT-94,950.00,USD,CAPTURED,2026-03-01T12:00:00Z
TXN-95,ACCT-95,950.00,USD,CAPTURED,2026-03-01T12:00:00Z
TXN-96,ACCT-96,950.00,USD,CAPTURED,2026-03-01T12:00:00Z
TXN-97,ACCT-97,950.00,USD,CAPTURED,2026-03-01T12:00:00Z
TXN-98,ACCT-98,950.00,USD,CAPTURED,2026-03-01T12:00:00Z
TXN-99,ACCT-99,950.00,USD,CAPTURED,2026-03-01T12:00:00Z
TXN-100,ACCT-100,950.00,USD,CAPTURED,2026-03-01T12:00:00Z
